id,name,city,state,website,keep_id,keep_name,keep_city,keep_website,metres
2849,AJA Vineyards,Santa Monica,CA,http://ajavineyards.com/,2152,AJA Vineyards,Santa Monica,https://www.ajavineyards.com,1127
6131,Albatross Ridge Tasting Room,Carmel By The Sea,CA,http://www.albatrossridge.com,4870,Albatross Ridge Tasting Room,Carmel-by-the-Sea,http://www.albatrossridge.com/,536
5218,Amphora Winery,Healdsburg,CA,http://www.amphorawines.com,3520,Amphora Winery,Healdsburg,https://www.amphorawines.com,811
10608,Anderson's Conn Valley Vineyards,St Helena,CA,http://www.connvalleyvineyards.com/,3095,Anderson's Conn Valley Vineyards,Saint Helena,https://connvalleyvineyards.com/,260
9997,Artesa Vineyards & Winery,Napa,CA,http://www.artesawinery.com/,8253,Artesa Vineyards & Winery,Napa,artesawinery.com,583
13054,August Briggs Winery,Calistoga,CA,http://www.augustbriggswinery.com/,2733,August Briggs Winery,Calistoga,http://www.augustbriggswinery.com/,1998
13281,Bottaia Winery,Temecula,CA,http://www.bottaiawinery.com,10359,BOTTAIA Winery,Temecula,http://www.bottaiawinery.com/,496
12481,Bear Creek Winery,Lodi,CA,https://www.bearcreekwinery.net,8971,Bear Creek Winery,Lodi,http://www.bearcreekwinery.net/,574
5471,Bedrock Wine Company,Sonoma,CA,http://www.bedrockwineco.com,3975,Bedrock Wine Company,Sonoma,http://www.bedrockwineco.com,2931
14186,Biddle Ranch Vineyard,San Luis Obispo,CA,http://www.biddleranch.com/,5803,Biddle Ranch Vineyard,San Luis Obispo,http://www.biddleranch.com,650
9330,Bien Nacido vineyards,Santa Maria,CA,http://www.biennacidovineyards.com,3208,Bien Nacido Vineyards,Santa Maria,http://www.biennacidovineyards.com/,1538
10358,Big Basin Vineyards,Boulder Creek,CA,http://www.bigbasinvineyards.com,5226,Big Basin Vineyards,Boulder Creek,http://bigbasinvineyards.com,1854
5688,Bouchaine Vineyards,Napa,CA,https://www.bouchaine.com,4997,Bouchaine Vineyards,Napa,http://www.bouchaine.com,428
13390,Bougetz Cellars,St Helena,CA,http://bougetzcellars.com/,9658,Bougetz Cellars,St Helena,https://bougetzcellars.com/contact,2423
3983,Brick Barn Wine Estate,Buellton,CA,https://www.brickbarnwineestate.com/,3749,Brick Barn Wine Estate,Buellton,http://brickbarnwineestate.com/,28
8154,Broll Mountain Vineyards,Murphys,CA,http://www.brollmountainvineyards.com,1825,Broll Mountain Vineyards,Murphys,http://www.BrollWine.com/,653
6248,Byron Winery,Santa Maria,CA,https://byronwines.com,3533,Byron Winery,Santa Maria,http://www.byronwines.com,1356
13949,CaliPaso Tasting Room,Paso Robles,CA,http://calipasowinery.com/,11472,Calipaso Tasting Room,Paso Robles,https://calipasowinery.com,651
5367,Camins 2 Dreams,Lompoc,CA,https://camins2dreams.com,3534,Camins 2 Dreams,Lompoc,http://www.camins2dreams.com/,1504
11589,Cavaletto Vineyard Estate,Willow Creek,CA,https://cavalettovineyardestate.com/,610,Cavaletto Vineyard Estate,Salyer,http://cavalettovineyardestate.com/,2200
11824,Cayucos Cellars,Cambria,CA,http://www.cayucoscellars.com,6250,Cayucos Cellars,Cambria,http://www.cayucoscellars.com/,1395
13289,Chamisal Vineyards,San Luis Obispo,CA,http://www.chamisalvineyards.com,3536,Chamisal Vineyards,San Luis Obispo,http://www.chamisalvineyards.com,689
6901,Chateau St. Jean Winery,Kenwood,CA,https://www.chateaustjean.com/,1624,Chateau St Jean Winery,Kenwood,https://www.chateaustjean.com,793
5240,Chimney Rock Winery,Napa,CA,https://www.terlatowines.com,3754,Chimney Rock Winery,Napa,http://www.chimneyrock.com/,877
10494,Chimney Rock Winery,Napa,CA,http://www.chimneyrock.com/,3754,Chimney Rock Winery,Napa,http://www.chimneyrock.com/,769
6905,Cook Family Winery,Saint Helena,CA,http://www.cookwinery.com,5484,Cook Family Winery,St Helena,www.cookwinery.com,682
3880,Cornell Vineyards,Santa Rosa,CA,http://www.cornellvineyards.com/,950,Cornell Vineyards,Santa Rosa,www.cornellvineyards.com,1012
3325,De Portola Wine Trail,Temecula,CA,,10957,De Portola Wine Trail,Temecula,http://deportolawinetrail.com/,1229
8393,Dehlinger Winery,Sebastopol,CA,www.dehlingerwinery.com,2636,Dehlinger Winery,Sebastopol,http://www.dehlingerwinery.com,626
3545,Del Dotto Estate Winery & Caves,St Helena,CA,,6365,Del Dotto Estate Winery & Caves,St Helena,http://www.deldottovineyards.com/,1749
12042,Del Dotto Winery,Napa,CA,,13297,Del Dotto Winery,Napa,https://www.beauwinetours.com/.../wineries/del-dotto-vineyards,1839
1075,Diamond Creek Vineyards,Calistoga,CA,,3762,Diamond Creek Vineyards,Calistoga,http://www.diamondcreekvineyards.com/,157
9110,Dobra Zemlja Winery,Plymouth,CA,https://www.dobraz.com/,1635,Dobra Zemlja Winery,Plymouth,https://www.dobraz.com/,602
7583,Dubost Winery,Paso Robles,CA,https://www.dubostwine.com,2063,Dubost Winery,Paso Robles,http://www.dubostwine.com/,746
7143,Dutcher Crossing Winery,Healdsburg,CA,http://www.dutchercrossingwinery.com,3229,Dutcher Crossing Winery,Geyserville,http://www.dutchercrossingwinery.com,2918
14405,Dutcher Crossing Winery,Geyserville,CA,http://dutchercrossingwinery.com,3229,Dutcher Crossing Winery,Geyserville,http://www.dutchercrossingwinery.com,1016
10148,E & J Gallo Winery,Modesto,CA,http://ejgallo.com,3548,E. & J. Gallo Winery,Modesto,http://gallo.com,2415
10265,E & J Gallo Winery,Modesto,CA,http://gallo.com,3548,E. & J. Gallo Winery,Modesto,http://gallo.com,529
12643,Far Niente Winery,Napa,CA,http://www.farniente.com,8776,Far Niente Winery,Oakville,http://www.farniente.com,2583
7020,Fasi Estate Winery,Madera,CA,www.fasiestate.com,5500,Fasi Estate Winery,Friant,http://www.fasiestate.com/,889
7251,Filipponi Ranch,San Luis Obispo,CA,http://www.filipponiranch.com/,6478,Filipponi Ranch,San Luis Obispo,https://filipponiranch.com,587
11494,Flanagan Wines,Healdsburg,CA,https://www.flanaganwines.com,6160,Flanagan Wines,Healdsburg,http://www.flanaganwines.com/,487
13850,Fort Ross Vineyard Tasting Room,Jenner,CA,www.fortrossvineyard.com,4133,Fort Ross Vineyard Tasting Room,Jenner,http://www.fortrossvineyard.com/,581
1649,Golden State Vintners,Fresno,CA,,1091,Golden State Vintners,Fresno,http://vinarium-usa.com,324
11088,Granite Lion Cellars,Jamul,CA,http://www.granitelioncellars.com/,4913,Granite Lion Cellars,Jamul,http://www.granitelioncellars.com/,1059
11614,Handwritten Wines,Yountville,CA,https://handwrittenwines.com/store/index.cfm?fuseaction=view,11304,Handwritten Wines,Yountville,http://www.handwrittenwines.com/,878
4575,Harmony Cellars,Harmony,CA,http://www.harmonycellars.com,509,Harmony Cellars,Harmony,http://www.harmonycellars.com/,565
10978,Highland Valley Vineyards,Escondido,CA,https://www.highlandvalleyvineyards.com/,9696,Highland Valley Vineyards,Escondido,https://www.highlandvalleyvineyards.com,588
13991,Hindsight Wines,Calistoga,CA,http://www.hindsightwines.com/,11502,Hindsight Wines,Calistoga,http://hindsightwines-hub.com,1875
8907,Iron Oaks Winery,Paso Robles,CA,https://ironoakswinery.com,2540,Iron Oaks Winery,Paso Robles,https://www.ironoakswinery.com,149
11506,J Dusi Wines,Paso Robles,CA,http://www.jdusiwines.com/,8654,J Dusi Wines,Paso Robles,http://www.jdusiwines.com/,761
12409,Joel Gott Wines,St Helena,CA,http://www.gottwines.com,11197,Joel Gott Wines,St Helena,http://gottwines.com,565
13212,Johnson Family Vineyards,Healdsburg,CA,https://johnson-s-alexander-valley-wines.hub.biz/,5962,Johnson Family Vineyards,Healdsburg,http://www.johnsonavwines.com,1396
6291,Joseph Phelps Vineyards,Saint Helena,CA,www.josephphelps.com,6177,Joseph Phelps Vineyards,St Helena,http://www.josephphelps.com/,688
13096,Keplinger Wines,Napa,CA,https://www.keplingerwines.com,12158,Keplinger Wines,Napa,http://www.keplingerwines.com,2011
13216,Live Vine Vineyard & Winery,Oroville,CA,http://livevinewines.com,13097,LIVE VINE Vineyard & Winery,Oroville,http://LiveVineWines.com/,621
10867,La Cienega Vineyard,Healdsburg,CA,https://www.lacienegavineyard.com/,2212,La Cienega Vineyard,Healdsburg,https://www.lacienegavineyard.com/,875
11622,Laguna Canyon Winery,Laguna Beach,CA,http://www.lagunacanyonwinery.com/,9485,Laguna Canyon Winery,Laguna Beach,http://www.lagunacanyonwinery.com,2164
12271,Laurel Glen Vineyard,Glen Ellen,CA,http://www.laurelglen.com,10645,Laurel Glen Vineyard,Glen Ellen,http://laurelglen.com/,288
7268,Law Estate Wines,Paso Robles,CA,http://www.lawestatewines.com/,1328,Law Estate Wines,Paso Robles,lawestatewines.com,578
10058,Law Estate Wines,Paso Robles,CA,http://www.lawestatewines.com,1328,Law Estate Wines,Paso Robles,lawestatewines.com,906
11212,Locatelli Vineyards & Winery,San Miguel,CA,http://www.locatelliwinery.com/,3021,Locatelli Vineyards & Winery,San Miguel,http://www.locatelliwinery.com/,469
4703,Locke Vineyards,Murphys,CA,http://www.lockevineyards.com/,647,Locke Vineyards,Murphys,http://www.lockevineyards.com,1734
8062,Lompoc Wine Ghetto,Lompoc,CA,http://lompoctrail.com/,876,Lompoc Wine Ghetto,Lompoc,http://lompoctrail.com/,1948
2672,Longmeadow Ranch Winery,St Helena,CA,,4801,Long Meadow Ranch Winery,St Helena,http://www.longmeadowranch.com,470
13873,Malene Wines,San Luis Obispo,CA,https://www.malenewines.com/,12668,Malene Wines,San Luis Obispo,http://www.malenewines.com/,605
9927,Margerum Wine Company,Buellton,CA,,6296,Margerum Wine Company,Buellton,http://www.margerumwinecompany.com/,563
10652,Marimar Estate Vineyards & Winery,Sebastopol,CA,http://www.marimarestate.com,1218,Marimar Estate Vineyards & Winery,Sebastopol,http://www.marimarestate.com,490
173,Matanzas Creek Winery,Santa Rosa,CA,,5743,Matanzas Creek Winery,Santa Rosa,http://www.matanzascreek.com/,620
5409,Maxville Winery,Saint Helena,CA,https://www.maxvillelakewines.com,4361,Maxville Winery,St Helena,https://linktr.ee/maxvillewinery,924
9144,McClain Cellars,Laguna Beach,CA,http://www.mcclaincellars.com/,8321,McClain Cellars,Laguna Beach,https://www.mcclaincellars.com/locations/laguna-beach-ca-forest-ave,759
11102,McManis Family Vineyards,Ripon,CA,http://www.mcmanisfamilywinery.com,7169,McManis Family Vineyards,Ripon,http://www.mcmanisfamilyvineyards.com/,498
9021,MCV Wines,Paso Robles,CA,https://linktr.ee/mcvwines,8322,Mcv Wines,Paso Robles,http://mcvwines.com,794
409,Mission Bell Winery,Madera,CA,,2366,Mission Bell Winery,Madera,http://www.cwine.com,616
14235,Mitchell Katz Winery,Livermore,CA,https://mitchellkatzwinery.com/,1983,Mitchell Katz Winery,Livermore,http://www.mitchellkatzwinery.com/,1472
14008,Moseley Family Cellars,Redding,CA,http://www.moseleyfamilycellars.co,41,Moseley Family Cellars,Redding,http://www.moseleyfamilycellars.com,209
4808,Mountain Terraces Winery and Vineyard,Glen Ellen,CA,http://www.mountainterraces.com,4365,Mountain Terraces Winery and Vineyard,Glen Ellen,http://www.mountainterraces.com/,613
6622,Mounts Family Winery,Healdsburg,CA,http://www.mountswinery.com,3797,Mounts Family Winery,Healdsburg,http://www.mountswinery.com/,481
11972,Munselle Vineyards,Geyserville,CA,http://www.munsellevineyards.com/,2229,Munselle Vineyards,Geyserville,https://munsellevineyards.com,515
10186,Myriad Cellars,Calistoga,CA,,7834,Myriad Cellars,Calistoga,,590
12074,Napa Valley,Napa,CA,http://napavalley.com/,11323,Napa Valley,Napa,http://napavalley.com/,1742
8435,Napa Wine Company,Oakville,CA,,4474,Napa Wine Company,Oakville,https://www.napawineco.com/,469
9029,Négociant Winery,San Diego,CA,http://www.negociantwinery.com,7055,Négociant Winery,San Diego,http://www.negociantwinery.com/,1467
14342,Oak Farm Vineyards,Lodi,CA,http://www.oakfarmvineyards.com/,11874,Oak Farm Vineyards,Lodi,http://www.oakfarmvineyards.com/,994
10300,Orfila Vineyards And Winery,Escondido,CA,https://www.orfila.com,5987,Orfila Vineyards and Winery,Escondido,http://www.orfila.com/,1536
8691,Papapietro Perry Winery,Healdsburg,CA,https://papapietro-perry.com,2237,Papapietro Perry Winery,Healdsburg,http://www.papapietro-perry.com/,828
13434,Paradise Ridge Winery,Santa Rosa,CA,http://www.prwinery.com/,5988,Paradise Ridge Winery,Santa Rosa,http://www.prwinery.com/,1517
10665,Patland Estate Vineyards,Napa,CA,https://www.patlandvineyards.com,4163,Patland Estate Vineyards,Napa,http://www.patlandvineyards.com/,1923
1770,Pedroncelli Winery,Geyserville,CA,http://www.pedroncelli.com,1439,Pedroncelli Winery,Geyserville,https://www.pedroncelli.com,1107
10554,Peirano Estate Vineyards,Acampo,CA,http://www.peirano.com,3042,Peirano Estate Vineyards,Acampo,https://www.peirano.com,947
7626,Peterson Winery,Healdsburg,CA,https://www.petersonwinery.com,7062,Peterson Winery,Healdsburg,http://www.petersonwinery.com/,780
8694,Picchetti Winery,Cupertino,CA,,12433,Picchetti Winery,Cupertino,http://picchetti.com/,1873
7956,Preston Farm And Winery,Healdsburg,CA,https://prestonofdrycreek.com,6948,Preston Farm and Winery,Geyserville,http://www.prestonvineyards.com,530
13440,Pride Mountain Vineyards,St Helena,CA,http://www.pridewines.com,10083,Pride Mountain Vineyards,Saint Helena,http://www.pridewines.com,896
14245,Rabbit Ridge Winery,Paso Robles,CA,http://www.rabbitridgewinery.com/,1775,Rabbit Ridge Winery,Paso Robles,https://www.rabbitridgewinery.net,1063
6409,Ram's Gate Winery,Sonoma,CA,http://www.ramsgatewinery.com/,52,Ram's Gate Winery,Sonoma,http://www.ramsgatewinery.com/,1158
6524,Rancho Sisquoc Winery,Santa Maria,CA,https://www.ranchosisquoc.com/reservation/,767,Rancho Sisquoc Winery,Santa Maria,http://www.ranchosisquoc.com,695
8097,Ridge Vineyards,Cupertino,CA,https://www.ridgewine.com,667,Ridge Vineyards,Cupertino,https://www.ridgewine.com/,1346
10890,RoadHouse Winery,Healdsburg,CA,http://roadhousewinery.com,5540,Roadhouse Winery,Healdsburg,http://www.roadhousewinery.com/,900
3173,Rosa d'Oro Vineyards,Kelseyville,CA,http://Rosadorovineyards.com/,670,Rosa d'Oro Vineyards,Kelseyville,http://www.rosadorowine.com,1387
12305,Ruby Hill Winery,Pleasanton,CA,https://rubyhillwinery.net/,2816,Ruby Hill Winery,Pleasanton,http://www.rubyhillwinery.net/,551
11534,Salvestrin Winery,St Helena,CA,http://www.salvestrinwinery.com,6952,Salvestrin Winery,St Helena,http://www.salvestrinwinery.com,410
9406,San Francisco Bay Winery,Livermore,CA,https://sfbaywinery.com,7303,San Francisco Bay Winery,Livermore,http://www.sfbaywinery.com,1552
7742,Sanford Winery,Lompoc,CA,http://www.sanfordwinery.com,5646,Sanford Winery,Lompoc,http://www.sanfordwinery.com/,535
8700,Sanford Winery,Lompoc,CA,http://sanfordwinery.com/,5646,Sanford Winery,Lompoc,http://www.sanfordwinery.com/,1532
12310,Saucelito Canyon Vineyard & Winery,Arroyo Grande,CA,http://www.saucelitocanyon.com,2262,Saucelito Canyon Vineyard & Winery,Arroyo Grande,https://www.saucelitocanyon.com,1133
12191,Scheid Vineyards,Greenfield,CA,https://www.scheidvineyards.com,4611,Scheid Vineyards,Greenfield,http://www.scheidvineyards.com/,675
14355,Schug Winery,Sonoma,CA,,12092,Schug Winery,Sonoma,https://schugwinery.com,271
14356,Scribe Winery,Sonoma,CA,http://www.scribewinery.com/,8227,Scribe Winery,Sonoma,http://www.scribewinery.com/,839
12917,Sierra Madre Vineyards,Santa Maria,CA,http://www.sierramadrevineyard.com,8465,Sierra Madre Vineyards,Santa Maria,http://www.sierramadrevineyard.com/,1132
13903,Silkwood Wines,Modesto,CA,http://www.silkwoodwines.com,13121,Silkwood Wines,Modesto,https://silkwoodwines.com.au,833
4836,Silver Wines,Santa Barbara,CA,http://www.silverwines.com,676,Silver Wines,Santa Barbara,http://www.Silverwines.com/,2321
5433,Sinegal Estate Winery,St Helena,CA,,4180,Sinegal Estate Winery,St Helena,https://www.sinegalestate.com/,2989
12315,Sinegal Estate Winery,Saint Helena,CA,https://www.sinegalestate.com/,4180,Sinegal Estate Winery,St Helena,https://www.sinegalestate.com/,333
11022,Smiling Dogs Ranch,Kelseyville,CA,http://www.smilingdogsranch.com,10316,Smiling Dogs Ranch,Kelseyville,http://www.smilingdogsranch.com/,2325
4500,Solitary Cellars Wine Company,Friant,CA,https://www.solitarycellars.com/,2703,Solitary Cellars Wine Company,Friant,https://solitarycellars.com,771
13905,Sonoma-cutrer Vineyards,Windsor,CA,https://sonomacutrer.com,5434,Sonoma-Cutrer Vineyards,Windsor,https://www.sonomacutrer.com/about-sonoma-cutrer/visit-the-winery/,647
10906,Stagecoach Vineyard,Napa,CA,http://www.stagecoachvineyard.com,10320,Stagecoach Vineyard,Napa,http://www.stagecoachvineyard.com,645
5650,Stags' Leap Winery,Napa,CA,http://www.stagsleap.com,1459,Stags' Leap Winery,Napa,http://www.stagsleap.com/,1499
11664,Teachworth Winery,Calistoga,CA,http://www.teachworthcabs.com/,4507,Teachworth Winery,Calistoga,http://www.teachworthcabs.com,762
13686,Terra Valentine Winery,St Helena,CA,http://www.terravalentine.com,1914,Terra Valentine Winery,Saint Helena,http://www.terravalentine.com,834
11868,Mountain Winery,Saratoga,CA,https://mountainwinery.com,448,The Mountain Winery,Saratoga,http://www.mountainwinery.com/,637
6220,The Steven Kent Winery,Livermore,CA,http://www.stevenkent.com/,1704,The Steven Kent Winery,Livermore,http://www.stevenkent.com/,1575
9422,The Wine Group,Fresno,CA,,13689,The Wine Group,Fresno,thewinegroup.com,611
10689,Tin Barn Vineyards,Sonoma,CA,https://www.tinbarnvineyards.com,4401,Tin Barn Vineyards,Sonoma,http://www.tinbarnvineyards.com/,2790
6325,Tolosa Winery,San Luis Obispo,CA,https://www.tolosawinery.com,2281,Tolosa Winery,San Luis Obispo,http://www.tolosawinery.com/,628
12824,Top It Off Bottling,Napa,CA,http://www.topitoffbottling.com/,203,Top It Off Bottling,Napa,http://topitoffbottling.com,1576
9309,Trinitas Cellars,Napa,CA,https://www.trinitascellars.com,8951,Trinitas Cellars,Napa,http://www.trinitascellars.com,2930
2015,Turley Wine Cellars,Plymouth,CA,https://www.turleywinecellars.com,82,Turley Wine Cellars,Plymouth,https://www.turleywinecellars.com,1873
4189,V12 Vineyards,Napa,CA,,13806,V12 Vineyards,Napa,http://www.v12vineyards.com,603
11036,Van Ruiten Family Winery,Lodi,CA,http://vrwinery.com/,6228,Van Ruiten Family Winery,Lodi,http://www.vrwinery.com,403
4633,Village 360,Fairfield,CA,,2483,Village 360,Fairfield,https://linktr.ee/village360,684
3728,Vines On The Marycrest,Paso Robles,CA,https://vinesonthemarycrest.com,2020,Vines On The Marycrest,Paso Robles,https://vinesonthemarycrest.com,2258
9532,Vinoce Vineyards,Napa,CA,,3195,Vinoce Vineyards,Napa,http://www.vinoce.com/,2459
10812,Volatus Wine,Paso Robles,CA,http://www.volatuswine.com/,5670,Volatus Wine,Paso Robles,http://www.volatuswine.com/,1818
12939,Waits-Mast Family Cellars,San Francisco,CA,http://waitsmast.com,7875,Waits Mast Family Cellars,San Francisco,https://www.waitsmast.com,2817
12590,Wild Diamond Vineyards,Hidden Valley Lake,CA,https://www.wilddiamond.com/,3959,Wild Diamond Vineyards,Lower Lake,https://www.wilddiamond.com/,2463
10815,Wilderotter Vineyard,Plymouth,CA,https://wilderottervineyard.com,7876,Wilderotter Vineyard,Plymouth,http://www.wilderottervineyard.com,1005
8246,Wildhurst Vineyards,Kelseyville,CA,http://www.wildhurst.com,4522,Wildhurst Vineyards,Kelseyville,https://wildhurst.com,2991
7106,Williams Selyem Winery,Healdsburg,CA,http://www.williamsselyem.com,2400,Williams Selyem Winery,Healdsburg,http://www.williamsselyem.com/,991
6987,Windward Vineyard,Paso Robles,CA,http://www.windwardvineyard.com/,3510,Windward Vineyard,Paso Robles,http://linktr.ee/windwardvineyard?utm_source=linktree_admin_share,708
4978,Woodbridge Winery,Lodi,CA,,8134,Woodbridge Winery,Acampo,http://www.woodbridgewines.com,1889
10474,Zaca Mesa Winery,Los Olivos,CA,https://linktr.ee/zacamesawinery?utm_source=linktree_profile_share&ltsid=5e35ff92-0ad1-4371-938c-6294e09d565d,5209,Zaca Mesa Winery,Los Olivos,http://www.zacamesa.com/,438
13199,Gubbini Winery,Palisade,CO,http://maps.google.com/maps/place?cid=17691848254583750499&q=Gubbini+WInery%2C+F+Road%2C+Palisade%2C+CO&hl=en&sll=39.090355%2C-108.3667&sspn=0.043788%2C0.034718&ie=UTF8&ll=39.126465%2C-108.451366&spn=0%2C0&z=13,13085,Gubbini Winery,Palisade,https://www.gubbiniwinery.com,1880
10996,MeadKrieger Meadery LLC,Loveland,CO,http://www.meadkrieger.com/,10069,MeadKrieger Meadery LLC,Loveland,http://www.meadkrieger.com/,1249
13025,Stoney Mesa Winery,Cedaredge,CO,https://stoneymesa.com/,1140,Stoney Mesa Winery,Cedaredge,http://www.stoneymesa.com,879
3785,Jonathan Edwards Winery,North Stonington,CT,,6176,Jonathan Edwards Winery,North Stonington,http://www.jedwardswinery.com/,2221
12700,Stonington Vineyards,Stonington,CT,http://stoningtonvineyards.com/,12567,Stonington Vineyards,Stonington,http://www.stoningtonvineyards.com/,406
11828,Cocoa Beach Winery,Cape Canaveral,FL,http://cocoabeachwinery.com/,1731,Cocoa Beach Winery,Cape Canaveral,http://cocoabeachwinery.com,2646
8957,Whispering Oaks Winery,Oxford,FL,,7556,Whispering Oaks Winery,Oxford,http://www.winesofflorida.com/,522
10137,Chateau Elan Winery & Resort,Braselton,GA,,6040,Chateau Elan Winery & Resort,Braselton,https://www.chateauelan.com,1299
4329,Farmers Daughter Vineyards,Thomasville,GA,,8777,Farmer's Daughter Vineyards,Thomasville,http://stompedingeorgia.com/,1904
8409,Habersham Winery,Helen,GA,http://www.habershamwinery.com,3892,Habersham Winery,Helen,http://www.habershamwinery.com/,806
10981,Horse Creek Winery,Sparks,GA,,516,Horse Creek Winery,Sparks,http://horsecreekwinery.com/,1422
11134,Stonewall Creek Vineyards,Tiger,GA,http://stonewallcreek.com/,10800,Stonewall Creek Vineyards,Tiger,http://www.stonewallcreek.com,1146
13928,Wolf Mountain Vineyards,Dahlonega,GA,http://www.wolfmountainvineyards.com,10116,Wolf Mountain Vineyards,Dahlonega,http://www.wolfmountainvineyards.com/,975
8614,Yonah Mountain Vineyards,Cleveland,GA,http://www.yonahmountainvineyards.com/,6990,Yonah Mountain Vineyards,Cleveland,https://www.yonahmountainvineyards.com,543
5043,Oeno Winemaking,Kailua,HI,https://www.oenowinemaking.com/,4055,Oeno Winemaking,Kailua,http://www.oenowinemaking.com/,2564
11245,Tassel Ridge Winery,Leighton,IA,https://tasselridge.com,7980,Tassel Ridge Winery,Leighton,http://www.twitter.com/tasselridge,782
12345,White Cross Cellars,Amana,IA,http://www.whitecrosscellars.com,4295,White Cross Cellars,Amana,http://www.whitecrosscellars.com/,593
12201,Split Rail Winery,Garden City,ID,http://www.splitrailwines.com,7088,Split Rail Winery,Garden City,http://www.splitrailwines.com/,1847
13909,Telaya Wine Co.,Garden City,ID,https://telayawine.com/events/,7548,Telaya Wine Co.,Garden City,http://www.telayawine.com,1912
6369,Fox Valley Winery,Oswego,IL,https://www.tiktok.com/@fox.valley.winery?_r=1&_t=ZP-95zEnDL4hRO,3335,Fox Valley Winery,Oswego,http://www.foxvalleywinery.com,1294
6061,Galena Cellars,Galena,IL,http://www.galenacellars.com,1852,Galena Cellars,Galena,http://www.galenacellars.com/,467
14412,Goat & Vine Restaurant + Winery,Bolingbrook,IL,https://www.goatandvinewinery.com/,5391,Goat & Vine Restaurant + Winery,Bolingbrook,https://www.goatandvinerestaurant.com/,495
539,Mary Michelle Winery,Carrollton,IL,,652,Mary Michelle Winery,Carrollton,http://marymichellewinery.com,839
8146,BELGIAN HORSE WINERY,MIDDLETOWN,IN,https://www.orderbelgianhorsewinery.com/?utm_source=bing&utm_medium=websiteurl&utm_campaign=search,3976,Belgian Horse Winery,Middletown,http://www.belgianhorsewinery.com/,2033
11377,Buck Creek Winery,Indianapolis,IN,http://www.buckcreekwinery.com/,5000,Buck Creek Winery,Indianapolis,http://buckcreekwinery.com/,849
3780,Isinglass Estate,La Cygne,KS,http://www.isinglass-estate.com/,1320,Isinglass Estate,Lacygne,http://www.isinglass-estate.com/,725
5388,First Vineyard Winery,Nicholasville,KY,https://firstvineyard.net,4330,First Vineyard Winery,Nicholasville,http://www.firstvineyard.net/,651
12400,Harkness Edwards Vineyards,Winchester,KY,https://harknessedwardsvineyards.com,1749,Harkness Edwards Vineyards,Lexington,http://www.harknessedwardsvineyards.com/,918
8925,Old 502 Winery,Louisville,KY,http://old502.com,4594,Old 502 Winery,Louisville,http://www.old502.com/,2813
14243,Prodigy Vineyards & Winery,Frankfort,KY,http://www.prodigyvineyards.com,12802,Prodigy Vineyards & Winery,Frankfort,http://prodigyvineyards.com/,2054
7630,River Valley Winery,Carrollton,KY,http://www.rivervalleywinery.com,4492,River Valley Winery,Carrollton,http://www.rivervalleywinery.com/,1401
13578,white buck winery,Morganfield,KY,http://www.whitebuckwine.com/,9753,White Buck Winery,Morganfield,http://www.whitebuckwine.com,2895
12131,Cape Cod Winery,Falmouth,MA,http://www.capecodwinery.com/,10254,Cape Cod Winery,Teaticket,http://www.capecodwinery.com,2476
10615,Blackthorne Cellars,Oakland,MD,http://blackthornecellars.com,5362,Blackthorne Cellars,Oakland,http://blackthornecellars.com/,612
14220,Janemark Winery & Vineyard,Brandywine,MD,http://www.janemarkwinery.com/,8191,Janemark Winery & Vineyard,Brandywine,http://janemarkwinery.com,2178
9813,Linganore Winecellars,Mt Airy,MD,https://www.linganorewines.com/,6501,Linganore Winecellars,Mount Airy,https://linganorewines.com,562
5364,Blue Lobster Urban Winery,Portland,ME,https://www.bluelobsterwines.com,2419,Blue Lobster Urban Winery,Portland,https://www.bluelobsterwines.com/,83
11915,12 Corners Vineyards,Benton Harbor,MI,https://www.12corners.com,9319,12 Corners Vineyards,Benton Twp,http://www.12corners.com/,496
11075,Cogdal Vineyards,South Haven,MI,https://cogdalvineyards.com,9449,Cogdal Vineyards,South Haven,http://www.cogdalvineyards.com/,406
9454,Crooked Vine Vineyard & Winery,Alanson,MI,http://www.crookedvinewine.com,615,Crooked Vine Vineyard & Winery,Alanson,https://crookedvinewine.com,141
12756,Gwin Girls Winery and Tasting Room,Remus,MI,http://gwingirls.com/,2537,Gwin Girls Winery And Tasting Room,Remus,https://gwingirls.com,486
14428,Mari Vineyards,Traverse City,MI,https://www.marivineyards.com/,2553,Mari Vineyards,Traverse City,https://www.marivineyards.com,465
3369,Nathaniel Rose Wine,Suttons Bay,MI,http://www.nathanielrosewine.com/,44,Nathaniel Rose Wine,Suttons Bay,https://www.nathanielrosewine.com,954
6414,Rose Valley Winery,Rose City,MI,,3480,Rose Valley Winery,Rose City,http://www.rosevalleywinery.net/,774
12322,Tanglewood Winery,Holland,MI,,13358,Tanglewood Winery,Holland,http://www.tanglewoodwinery.com/,2206
11032,Thunder Bay Winery & Brew,Alpena,MI,https://thunderbaywinery.com,4728,Thunder Bay Winery & Brew,Alpena,http://www.thunderbaywinery.com/,298
2016,Two K Farms Cidery & Winery,Suttons Bay,MI,http://www.twokfarms.com/,1262,Two K Farms Cidery & Winery,Suttons Bay,http://twokfarms.com,231
997,Morgan Creek Vineyards,Cambria,MN,http://www.morgancreekvineyards.com,10998,Morgan Creek Vineyards,New Ulm,http://morgancreekvineyards.com/,685
2718,Vintage Escapes Winery & Vineyard,Kilkenny,MN,http://www.vintageescapeswinery.com,1476,Vintage Escapes Winery & Vineyard,Kilkenny,http://www.vintageescapeswinery.com/,127
11696,Arcadian Moon,Higginsville,MO,https://www.arcadianmoon.com/contact,8500,Arcadian Moon,Higginsville,http://www.arcadianmoon.com/,473
9259,LaChance Vineyards,De Soto,MO,http://www.lachancevineyards.com/,1665,Lachance Vineyards,De Soto,http://lachancevineyards.com,422
9959,St. James Winery,Saint James,MO,http://www.stjameswinery.com/,3060,St. James Winery,St James,http://www.stjameswinery.com,520
6215,Stone Hill Winery,Hermann,MO,http://www.stonehillwinery.com/,11542,Stone Hill Winery,Hermann,http://www.stonehillwinery.com/,1576
7551,The Peculiar Winery,Peculiar,MO,peculiarwinery.com,7314,The Peculiar Winery,Peculiar,http://www.peculiarwinery.com/,137
12014,West Winery,Macon,MO,,10112,West Winery,Macon,http://www.westwinery.com/,1385
13700,Westphalia Vineyards,Westphalia,MO,http://www.westphaliavineyards.com/,211,Westphalia Vineyards,Westphalia,https://missouriwine.org/wineries/westphalia-vineyards,1528
6553,Wildlife Ridge Winery,Smithton,MO,http://www.wildliferidgewinery.com/,3849,Wildlife Ridge Winery,Smithton,http://wildliferidgewinery.com/,403
10681,Sparrow's Vine,Seeley Lake,MT,https://www.sparrowsvine.org/,1358,Sparrow's Vine,Seeley Lake,https://www.sparrowsvine.org/,433
10835,Cauble Creek Vineyard,Salisbury,NC,http://www.caublecreekvineyard.com,9778,Cauble Creek Vineyard,Salisbury,http://www.caublecreekvineyard.com,2426
9519,Silver Fork Winery,Morganton,NC,http://silverforkwinery.com/,4390,Silver Fork Winery,Morganton,http://www.silverforkwinery.com/,123
1152,Tunnel Creek Vineyards,Roxboro,NC,http://tunnelcreekvineyards.com/,915,Tunnel Creek Vineyards,Roxboro,https://tunnelcreekvineyards.com/,849
4011,Feather River Vineyard,North Platte,NE,http://www.feather-river.com/,2191,Feather River Vineyard,North Platte,http://www.feather-river.com,1128
10287,James Arthur Vineyards,Raymond,NE,http://www.jamesarthurvineyards.com/,2086,James Arthur Vineyards,Raymond,http://www.jamesarthurvineyards.com,450
12285,Niobrara Valley Vineyards,Nenzel,NE,http://www.nvv-ne.com/,12075,Niobrara Valley Vineyards,Nenzel,http://www.nvvsandhills.com/Home.aspx,1008
14169,Whipple Tree Winery,Tamworth,NH,,11359,Whippletree Winery,Tamworth,http://www.whippletreewinery.com/,951
14081,Dimatteo Vineyards,Hammonton,NJ,http://dimatteovineyards.com/,13612,Dimatteo Vineyards,Hammonton,http://www.dimatteowinery.com/,619
4798,Laurita Winery,New Egypt,NJ,https://lauritawinery.com/,1666,Laurita Winery,New Egypt,https://lauritawinery.com,543
7101,Valenzano Winery,Shamong Twp,NJ,http://www.winefestnj.com/,789,Valenzano Winery,Shamong Twp,https://www.purplepass.com/events/340514-mother-s-day-picnic-craft-fair-may-10th-2026,2459
12585,Villa Milagro Vineyards,Phillipsburg,NJ,http://villamilagrovineyards.com/,10343,Villa Milagro Vineyards,Phillipsburg,https://www.villamilagrovineyards.com/,610
4854,Westfall Winery,Montague,NJ,http://www.westfallwinery.com/,1595,Westfall Winery,Montague,http://westfallwinery.com,482
3459,La Chiripada Winery,Dixon,NM,http://www.lachiripada.com/,2362,La Chiripada Winery,Dixon,http://www.lachiripada.com,135
7679,Boundary Breaks,Lodi,NY,http://boundarybreaks.com,1614,Boundary Breaks,Lodi,https://boundarybreaks.com/,463
5809,Brooklyn Winery,Brooklyn,NY,http://www.bkwinery.com/,3985,Brooklyn Winery,New York,http://www.bkwinery.com/,953
11276,Brooklyn Winery,Brooklyn,NY,http://www.bkwinery.com/,3985,Brooklyn Winery,New York,http://www.bkwinery.com/,722
3429,Casa Larga Vineyards,Fairport,NY,https://www.casalarga.com/,2324,Casa Larga Vineyards,Fairport,https://www.casalarga.com,763
5235,Castel Grisch Winery,Watkins Glen,NY,http://Castelgrisch.com/,3873,Castel Grisch Winery,Watkins Glen,http://www.castelgrisch.com,442
11934,Demarest Hill Winery,Warwick,NY,https://demaresthillwinery.com/,7246,Demarest Hill Winery,Warwick,http://www.demaresthillwinery.com/,521
11732,Forge Cellars,Hector,NY,http://www.forgecellars.com,10740,Forge Cellars,Burdett,http://www.forgecellars.com/,2807
5137,high peaks winery,Winthrop,NY,http://highpeakswinery.com,3345,High Peaks Winery,Winthrop,http://www.highpeakswinery.com/,501
11746,Jamesport Vineyards,Riverhead,NY,http://www.jamesport-vineyards.com,9912,Jamesport Vineyards,Jamesport,http://www.jamesportwines.com,1435
2897,Keuka Spring Vineyards,Penn Yan,NY,,9483,Keuka Spring Vineyards,Penn Yan,http://www.KeukaSpringVineyards.com/,478
14226,Kontokosta Winery,Greenport,NY,http://www.kontokostawinery.com/,1871,Kontokosta Winery,Southold,http://www.kontokostawinery.com/,499
1661,Kontokosta Winery,Greenport,NY,,14226,Kontokosta Winery,Greenport,http://www.kontokostawinery.com/,2964
3176,Ryan William Vineyard,Burdett,NY,,11779,Ryan William Vineyard,Burdett,http://www.ryanwilliam.com/,2848
1903,Sheldrake Point Winery,Ovid,NY,http://www.Sheldrakepoint.com/,1023,Sheldrake Point Winery,Ovid,https://www.sheldrakepoint.com,612
7968,Shamrock Vineyard,Waldo,OH,http://www.shamrockvineyard.com,4613,Shamrock Vineyard,Waldo,http://www.ShamrockVineyard.com/,831
7426,Stoney Ridge Winery,Bryan,OH,https://www.stoneyridgewinery.com/,441,Stoney Ridge Winery,Bryan,http://stoneyridgewinery.com/,456
8850,Wine Growers of the Grand River Valley,Madison,OH,https://www.cask307.com/,6020,Wine Growers of the Grand River Valley,Madison,https://www.cask307.com/,2074
10579,The Rusty Nail Winery,Sulphur,OK,http://www.rustynailwinery.com/,8224,Rusty Nail Winery,Sulphur,http://www.rustynailwinery.com/,1130
7773,Abacela Winery,Roseburg,OR,https://www.abacela.com/Visit-Us,5796,Abacela Winery,Roseburg,https://www.abacela.com,890
12720,Abbott Claim,Carlton,OR,https://www.abbottclaim.com/contact-us,4205,Abbott Claim,Carlton,https://abbottclaim.com/,415
12600,Amity Vineyards,Amity,OR,http://amityvineyards.com/,6345,Amity Vineyards,Amity,https://www.amityvineyards.com,718
9996,Analemma Wines,Mosier,OR,http://www.analemmawines.com/,2731,Analemma Wines,Mosier,https://linkin.bio/analemmawines/?fbclid=PAZXh0bgNhZW0CMTEAc3J0YwZhcHBfaWQMMjU2MjgxMDQwNTU4AAGnIXkXySarrKNFDQ7lq_S2D91urVm_h3anBixk9Peno3SqMwJnUdVq3ZGtOO0_aem_oguRI4FqDNq0esGnLK2kcA&utm_medium=social&utm_content=link_in_bio&utm_source=ig,677
4432,Benton-Lane Winery,Monroe,OR,http://www.benton-lane.com/,13384,Benton-Lane Winery,Monroe,http://benton-lane.com/,2683
8624,Benton-lane Winery,Monroe,OR,,13384,Benton-Lane Winery,Monroe,http://benton-lane.com/,2445
12234,Brigadoon Wine Co,Junction City,OR,https://events.humanitix.com/much-ado-brigadoon,3867,Brigadoon Wine Co.,Junction City,http://www.brigadoonwineco.com,667
12864,Cherry Hill Winery,Rickreall,OR,http://www.cherryhillwinery.com/,7690,Cherry Hill Winery,Rickreall,http://cherryhillwinery.com/,599
12134,Colene Clemens Vineyards,Newberg,OR,http://www.coleneclemens.com/,8763,Colene Clemens Vineyards,Newberg,http://www.coleneclemens.com/,872
3655,DANCIN Vineyards,Medford,OR,http://www.dancinvineyards.com/,370,DANCIN Vineyards,Medford,http://www.dancinvineyards.com,461
626,Enso Winery,Portland,OR,,8775,ENSO Winery,Portland,http://www.ensowinery.com/,1831
13743,Emerson Vineyards,Monmouth,OR,http://emersonvineyards.com,8176,Emerson Vineyards,Monmouth,http://www.emersonvineyards.com/,1260
13408,Fairsing Vineyard,Yamhill,OR,http://www.fairsingvineyard.com,3122,Fairsing Vineyard,Yamhill,http://www.fairsingvineyard.com/,1815
10743,Garnier Vineyards,Mosier,OR,https://www.garniervineyards.com/,3890,Garnier Vineyards,The Dalles,http://www.garniervineyards.com/,1380
4785,Ghost Hill Cellars,Carlton,OR,http://www.ghosthillcellars.com,6372,Ghost Hill Cellars,Carlton,http://www.ghosthillcellars.com/,749
10522,Holloran Vineyard Wines,Dundee,OR,http://www.holloranvineyardwines.com,3778,Holloran Vineyard Wines,Dundee,http://www.HolloranVineyardWines.com/,521
8297,Idiot's Grace Wines,The Dalles,OR,http://www.idiotsgrace.com/,5397,Idiot's Grace Wines,Mosier,http://www.idiotsgrace.com/,646
7953,Pebblestone Cellars,Talent,OR,https://pebblestonecellars.biz/,3699,Pebblestone Cellars,Medford,http://www.pebblestonecellars.com,467
2244,purple hands winery,Dundee,OR,http://www.purplehandswine.com,1444,Purple Hands Winery,Newberg,http://www.purplehandswine.com,2348
8450,Purple Hands Winery,Dundee,OR,http://www.purplehandswine.com,1444,Purple Hands Winery,Newberg,http://www.purplehandswine.com,2315
13238,Raptor Ridge Winery,Newberg,OR,http://www.raptorridgewinery.com,3474,Raptor Ridge Winery,Hillsboro,http://www.raptoridge.com,2260
11528,Red Lily Vineyards,Jacksonville,OR,http://www.redlilyvineyards.com,9509,Red Lily Vineyards,Jacksonville,http://www.redlilyvineyards.com,586
14127,Resistance Wine Company,Ashland,OR,http://www.resistancewineco.com/,7418,Resistance Wine Company,Ashland,http://www.resistancewineco.com/,1332
13240,Ribbon Ridge Vineyard,Newberg,OR,http://www.ribbonridge.com,2814,Ribbon Ridge Vineyard,Newberg,http://www.ribbonridge.com/,300
12933,Trium Wines,Talent,OR,http://www.triumwines.com/,3071,Trium Wines,Talent,https://www.triumwines.com,1640
5172,Purple Hands Winery,Dundee,OR,http://www.purplehandswine.com/visit,2244,purple hands winery,Dundee,http://www.purplehandswine.com,2105
11274,Boyds Cardinal Hollow Winery,North Wales,PA,,8263,Boyd's Cardinal Hollow Winery,North Wales,http://www.cardinalHollowWinery.com,1988
12956,Boyd's Cardinal Hollow Winery,Lansdale,PA,http://CardinalHollowWinery.com/,8263,Boyd's Cardinal Hollow Winery,North Wales,http://www.cardinalHollowWinery.com,1937
8979,Broad Mountain Vineyard,Halifax,PA,http://www.broadmountainvineyard.com/,2743,Broad Mountain Vineyard,Elizabethville,http://www.broadmountainvineyard.com,2885
12750,Eagles Rest Cellars,Stroudsburg,PA,https://eaglesrestcellars.com,10035,Eagles Rest Cellars,Stroud Twp,https://eaglesrestcellars.com/,553
9241,Franklin Hill Vineyards,Bangor,PA,https://linktr.ee/franklinhillvineyards?utm_source=ig&utm_medium=social&utm_content=link_in_bio&fbclid=PAdGRleAQelCFleHRuA2FlbQIxMQBzcnRjBmFwcF9pZA8xMjQwMjQ1NzQyODc0MTQAAadnmdCiT5A-X3rxlM6gJhXWgemzQuY_pcYqtoVC4VzWVc3JKNSyaEC0qu7cqQ_aem_WDANXnV88LFXZWdjlrD37Q,2770,Franklin Hill Vineyards,Bangor,http://franklinhillvineyards.com,854
1853,Glades Pike Winery,Somerset,PA,,10854,Glades Pike Winery,Somerset,http://www.gladespikewinery.com,673
9245,Greenhouse Winery,Irwin,PA,http://www.greenhousewinery.com,5133,Greenhouse Winery,No Huntingdon,http://www.greenhousewinery.com,150
8646,Groundhog Winery,Punxsutawney,PA,http://www.groundhogwinery.com/,8408,Groundhog Winery,Punxsutawney,http://www.groundhogwinery.com/,725
13418,La Vigneta Winery,Sarver,PA,http://www.lavignetawinery.com/,11863,La Vigneta Winery,Sarver,http://www.lavignetawinery.com,554
12173,Mountain View Vineyard,Stroudsburg,PA,http://www.mountainviewvineyard.com,9934,Mountain View Vineyard,Stroudsburg,https://mountainviewvineyard.com,2281
12286,Nissley Vineyards Wine Shop & Tasting Room,East Lampeter Twp,PA,https://nissleywine.com/visit-us/shops-hours/,887,Nissley Vineyards Wine Shop & Tasting Room,Lancaster,http://nissleywine.com/,2239
9148,Nova Cellars Winery,Pulaski,PA,https://www.nova.wine,1006,Nova Cellars Winery,Pulaski,http://www.nova.wine/,444
686,The Renegade Winery,Stroudsburg,PA,https://www.therenegadewinery.com,187,Renegade Winery,East Stroudsburg,https://www.therenegadewinery.com/,2617
5546,Setter Fields Vineyard,Shickshinny,PA,https://setter-fields-vineyard.business.site,4272,Setter Fields Vineyard,Shickshinny,https://www.setter-fields-vineyard.business.site,467
11992,Shade Mountain Winery,Danville,PA,https://www.shademountainwinery.com,3934,Shade Mountain Winery,Danville,https://www.shademountainwinery.com,2727
13030,The Winery at Wilcox,Wilcox,PA,http://www.wineryatwilcox.net,6112,The Winery At Wilcox,Jones Twp,http://www.wineryatwilcox.com/,1958
9608,Sakonnet Vineyard,Little Compton,RI,https://www.sakonnetwine.com,7302,Sakonnet Vineyard,Little Compton,http://www.sakonnetwine.com/,484
11062,Boardwalk Winery,Myrtle Beach,SC,http://boardwalkwinery.com,10248,Boardwalk Winery,Myrtle Beach,http://www.boardwalkwinery.com/,529
12228,Big Creek Winery,Pulaski,TN,,13939,Big Creek Winery,Pulaski,http://BigCreekWineryTennessee.com/,433
10856,Grinder's Switch Winery,Centerville,TN,http://www.gswinery.com,1093,Grinder's Switch Winery,Centerville,http://www.gswinery.com,1839
13235,Paris Winery,Cookeville,TN,pariswinery.com,10552,Paris Winery,Cookeville,https://www.pariswineryofcookeville.com/,2586
11154,4r Ranch Vineyards And Winery,Muenster,TX,https://www.4rwines.com,10604,4R Ranch Vineyards and Winery,Muenster,http://4rwines.com/,583
2615,Arrowhead Creek Vineyards,Stonewall,TX,http://www.arrowheadcreekvineyard.com/events/calendar,1049,Arrowhead Creek Vineyards,Stonewall,https://arrowheadcreekvineyard.com/,91
12356,Augusta Vin,Fredericksburg,TX,https://augustavin.com/,10932,Augusta Vin,Fredericksburg,https://augustavin.com,421
10008,Busted Oak Cellars,Ledbetter,TX,http://bustedoakcellars.com,9333,Busted Oak Cellars,Carmine,http://Bustedoakcellars.com/,602
10947,Chapelton Vineyards,Washington,TX,http://chapeltonvineyards.com/,8269,Chapelton Vineyards,Washington,http://www.chapeltonvineyards.com,385
8991,Driftwood Estate Winery,Driftwood,TX,https://driftwoodwine.com,2062,Driftwood Estate Winery,Driftwood,http://www.driftwoodwine.com/,549
13187,Dry Comal Creek Vineyards,New Braunfels,TX,https://linktr.ee/DryComalCreekVineyards,4902,Dry Comal Creek Vineyards,New Braunfels,https://drycomalcreekvineyards.com/,951
12142,Featherstone Ranch Vineyards,Stonewall,TX,,12390,Featherstone Ranch Vineyards,Stonewall,http://www.featherstoneranch.com/,520
11945,French Connection Wines,Hye,TX,https://www.frenchconnectionhye.com/,11300,French Connection Wines,Hye,https://www.frenchconnectionhye.com/,550
9573,Kissing Tree Vineyards,Bruceville-Eddy,TX,http://www.kissingtreevineyards.com,6611,Kissing Tree Vineyards,Eddy,http://kissingtreevineyards.com,1010
6717,Maydelle Country Wines,Rusk,TX,http://www.maydellewines.com/,6076,Maydelle Country Wines,Rusk,https://maydellewines.com,1543
8323,Meierstone Vineyards,Stonewall,TX,http://www.meierstonevineyards.com,7278,Meierstone Vineyards,Stonewall,https://www.meierstonevineyards.com/events/,784
14110,Meridian Hive,Austin,TX,http://www.meridianhive.com/,7401,Meridian Hive,Austin,http://www.meridianhive.com/,1018
10657,Messina Hof Estate Winery,Bryan,TX,http://www.messinahof.com,2224,Messina Hof Estate Winery,Bryan,https://www.messinahof.com,1345
7841,Pontotoc Vineyard Weingarten,Fredericksburg,TX,http://www.pontotocvineyard.com/,3264,Pontotoc Vineyard Weingarten,Fredericksburg,https://pontotocvineyard.com,1111
9039,Ron Yates,Johnson City,TX,http://www.ronyateswines.com/,6413,Ron Yates,Johnson City,http://www.ronyateswines.com,432
13243,Salt Lick Cellars,Driftwood,TX,http://saltlickcellars.com,7421,Salt Lick Cellars,Driftwood,https://saltlickcellars.com,821
12309,Sandy Road Vineyards,Johnson City,TX,http://sandyroadvineyards.com/,8940,Sandy Road Vineyards,Johnson City,https://www.sandyroadvineyards.com,439
14151,The Austin Winery,Austin,TX,http://www.theaustinwinery.com,11667,The Austin Winery,Austin,http://www.theaustinwinery.com,17
12112,U Bar Wines,Bellville,TX,http://ubarwines.com/,3192,U Bar Wines,Bellville,http://Www.ubarwines.com/,969
12834,Wedding Oak Winery,Fredericksburg,TX,https://www.weddingoakwinery.com/visit-us-in-fredericksburg,12343,Wedding Oak Winery,Fredericksburg,https://weddingoakwinery.com,2921
10706,Barboursville Winery,Barboursville,VA,,10826,Barboursville Winery,Barboursville,http://www.barboursvillewine.net/winery/estate-and-history/founding-a-vineyard,1859
13714,Beliveau Estate,Blacksburg,VA,http://beliveauestatewinery.com/index.html,2306,Beliveau Estate,Blacksburg,http://www.beliveauestate.com,998
8021,Chateau Merrillanne Llc,Orange,VA,http://www.chateaumerrillanne.com,4317,Chateau MerrillAnne LLC,Orange,http://www.ChateauMerrillAnne.com/,717
14410,Gauthier Vineyard,Bar handbills,VA,http://www.gauthiervineyard.com,2882,Gauthier Vineyard,Barhamsville,http://www.gauthiervineyard.com/,521
12978,Hazy Mountain Vineyards and Brewery,Afton,VA,http://hazy-mountain.com/,6818,Hazy Mountain Vineyards and Brewery,Afton,https://www.hazy-mountain.com,705
8410,Hiddencroft Vineyards,Lovettsville,VA,http://www.hiddencroftvineyards.com/,1207,Hiddencroft Vineyards,Lovettsville,http://www.hiddencroftvineyards.com,471
10526,Keswick Vineyards,Keswick,VA,https://www.keswickvineyards.com,7718,Keswick Vineyards,Keswick,http://www.keswickvineyards.com,588
12803,Ramulose Ridge Vineyards,Moneta,VA,http://www.ramuloseridgevineyards.com/,5174,Ramulose Ridge Vineyards,Moneta,http://www.ramuloseridgevineyards.com/,517
4713,Rappahannock Cellars,Huntly,VA,,7959,Rappahannock Cellars,Huntly,http://rappahannockcellars.com/,282
9746,Trump Winery,Charlottesville,VA,https://www.trumpwinery.com/,2600,Trump Winery,Charlottesville,https://www.trumpwinery.com,491
13140,Trump Winery,Charlottesville,VA,http://trumpwinery.com/,2600,Trump Winery,Charlottesville,https://www.trumpwinery.com,1140
4849,Walsh Family Wine,Purcellville,VA,http://walshfamilywine.com,2396,Walsh Family Wine,Purcellville,http://www.walshfamilywine.com/,1000
7219,Ancestry Cellars,Woodinville,WA,https://ancestrycellars.com,932,Ancestry Cellars,Woodinville,http://ancestrycellars.com/,2151
13165,Avennia,Woodinville,WA,http://www.avennia.com,4988,Avennia,Woodinville,http://avennia.com/,605
11058,Baer Winery,Woodinville,WA,http://www.baerwinery.com/,3634,Baer Winery,Woodinville,https://baerwinery.com,1995
9664,Cavu Cellars,Walla Walla,WA,http://www.cavucellars.com,3647,CAVU Cellars,Walla Walla,http://www.cavucellars.com/,1425
10142,Coyote Canyon Winery,Prosser,WA,http://www.coyotecanyonwinery.com/,3112,Coyote Canyon Winery,Prosser,http://coyotecanyonwinery.com/,832
5010,Delille Cellars,Woodinville,WA,https://www.delillecellars.com,2058,Delille Cellars,Redmond,http://www.delillecellars.com,1091
14080,Devona,Walla Walla,WA,https://www.devona.net,13846,Devona,Walla Walla,http://www.devona.net,808
11939,Eleven Winery,Bainbridge Island,WA,http://www.elevenwinery.com/,498,Eleven Winery,Bainbridge Island,http://elevenwinery.com,822
10269,Fletcher Bay Winery,Bainbridge Island,WA,http://www.fletcherbaywinery.com/,7022,Fletcher Bay Winery,Bainbridge Island,http://www.fletcherbaywinery.com,2708
10271,Freehand Cellars,Wapato,WA,http://www.freehandcellars.com,7380,Freehand Cellars,Wapato,http://www.freehandcellars.com/event-links,1143
3669,Ginkgo Forest Winery,Mattawa,WA,http://www.ginkgowinery.com/,3451,Ginkgo Forest Winery,Mattawa,http://ginkgowinery.com,1327
13855,Golden Ridge Cellars,Walla Walla,WA,https://goldenridgecellars.net,7923,Golden Ridge Cellars,Walla Walla,http://www.goldenridgecellars.com/,671
7940,Kiona Vineyards and Winery,Benton City,WA,,7264,Kiona Vineyards and Winery,Benton City,http://www.kionawine.com/,1030
10407,Laurelhurst Cellars,Seattle,WA,http://www.laurelhurstcellars.com,5840,Laurelhurst Cellars,Seattle,http://laurelhurstcellars.com,1760
10992,Mark Ryan Winery,Woodinville,WA,http://www.markryanwinery.com/,5629,Mark Ryan Winery,Woodinville,http://www.RossAndrewWinery.com,567
1543,Maryhill Winery,Goldendale,WA,https://maryhillwinery.com,653,Maryhill Winery,Woodinville,http://www.maryhillwinery.com,488
12172,Maryhill Winery,Goldendale,WA,http://www.maryhillwinery.com/,653,Maryhill Winery,Woodinville,http://www.maryhillwinery.com,2800
9579,McKinley Springs,Prosser,WA,http://www.mckinleysprings.com/,1545,Mckinley Springs,Prosser,https://www.mckinleysprings.com,899
9153,Overbluff Cellars,Spokane,WA,http://www.overbluffcellars.com,418,Overbluff Cellars,Spokane,http://www.overbluffcellars.com/,616
8932,Port Townsend Vineyards,Port Townsend,WA,http://www.porttownsendvineyards.com/,550,Port Townsend Vineyards,Port Townsend,http://www.porttownsendvineyards.com/,2879
13443,Rolling Bay Winery,Bainbridge Island,WA,http://rollingbaywinery.com,9605,Rolling Bay Winery,Bainbridge Island,http://rollingbaywinery.com/,988
13900,Sheridan Vineyard,Zillah,WA,http://www.sheridanvineyard.com,12555,Sheridan Vineyard,Zillah,http://www.sheridanvineyard.com/,1713
13563,Syzygy Winery,Walla Walla,WA,http://www.syzygywines.com,1462,Syzygy Winery,Walla Walla,https://www.syzygywines.com,468
13797,Tertulia Cellars,Walla Walla,WA,http://www.tertuliacellars.com/,12325,Tertulia Cellars,Walla Walla,https://www.tertuliacellars.com,864
6224,Tranche,Walla Walla,WA,https://www.tranche.wine,570,Tranche,Walla Walla,https://linkpages.pro/0pzpJP?preview=true,437
6329,Trust Cellars,Walla Walla,WA,https://trustcellars.com,1151,Trust Cellars,Walla Walla,http://www.trustcellars.com,742
11258,W.T. Vintners,Woodinville,WA,,6660,W.T. Vintners,Woodinville,http://www.wtvintners.com/,646
13266,Waving Tree Winery,Goldendale,WA,http://www.wavingtreewinery.com/,3843,Waving Tree Winery,Goldendale,http://Wavingtreewine.com/,733
10599,WIT Cellars,Prosser,WA,,4201,Wit Cellars,Prosser,https://witcellars.com,34
8070,MonValley Vineyards Wine Cellar,Fairmont,WV,http://www.monvalleyvineyards.com/,7171,Monvalley Vineyards Wine Cellar,Fairmont,http://www.monvalleyvineyards.com,65
